{"cameraMode":{"drawMode":0,"name":"Shaded","section":"Shading Mode"},"sceneLighting":false,"audioPlay":false,"sceneViewState":{"m_AlwaysRefresh":false,"showFog":true,"showSkybox":true,"showFlares":true,"showImageEffects":true,"showParticleSystems":true,"showVisualEffectGraphs":true,"m_FxEnabled":true},"in2DMode":false,"pivot":{"x":-14.191920280456543,"y":3.428631544113159,"z":12.688285827636719},"rotation":{"x":0.0020450297743082048,"y":0.993505597114563,"z":-0.11255494505167008,"w":0.01790040358901024},"size":6.020900249481201,"orthographic":false}