{"cameraMode":{"drawMode":0,"name":"Shaded","section":"Shading Mode"},"sceneLighting":true,"audioPlay":false,"sceneViewState":{"m_AlwaysRefresh":false,"showFog":true,"showSkybox":true,"showFlares":true,"showImageEffects":true,"showParticleSystems":true,"showVisualEffectGraphs":true,"m_FxEnabled":true},"in2DMode":false,"pivot":{"x":-3.1128628253936769,"y":1.9586189985275269,"z":0.855667233467102},"rotation":{"x":-0.16151100397109986,"y":-0.03872747719287872,"z":0.00636384217068553,"w":-0.9863389730453491},"size":3.5538482666015627,"orthographic":false}