{"cameraMode":{"drawMode":0,"name":"Shaded","section":"Shading Mode"},"sceneLighting":false,"audioPlay":false,"sceneViewState":{"m_AlwaysRefresh":false,"showFog":true,"showSkybox":true,"showFlares":true,"showImageEffects":true,"showParticleSystems":true,"showVisualEffectGraphs":true,"m_FxEnabled":true},"in2DMode":false,"pivot":{"x":-3.1501998901367189,"y":5.761834621429443,"z":-7.0712714195251469},"rotation":{"x":0.027921954169869424,"y":-0.9688076972961426,"z":0.20984916388988496,"w":0.12891823053359986},"size":5.627362251281738,"orthographic":false}