{"cameraMode":{"drawMode":0,"name":"Shaded","section":"Shading Mode"},"sceneLighting":true,"audioPlay":false,"sceneViewState":{"m_AlwaysRefresh":false,"showFog":true,"showSkybox":true,"showFlares":true,"showImageEffects":true,"showParticleSystems":true,"showVisualEffectGraphs":true,"m_FxEnabled":true},"in2DMode":false,"pivot":{"x":-1.4549784660339356,"y":4.0632805824279789,"z":2.30741024017334},"rotation":{"x":0.02194383181631565,"y":-0.15116597712039948,"z":-0.0033310898579657079,"w":-0.9885069727897644},"size":3.5538482666015627,"orthographic":false}