{"cameraMode":{"drawMode":0,"name":"Shaded","section":"Shading Mode"},"sceneLighting":true,"audioPlay":false,"sceneViewState":{"m_AlwaysRefresh":false,"showFog":true,"showSkybox":true,"showFlares":true,"showImageEffects":true,"showParticleSystems":true,"showVisualEffectGraphs":true,"m_FxEnabled":true},"in2DMode":false,"pivot":{"x":-22.27273941040039,"y":1.8874893188476563,"z":-3.313831329345703},"rotation":{"x":-0.033146727830171588,"y":0.5715236663818359,"z":-0.022760309278964998,"w":-0.8198899626731873},"size":17.41701316833496,"orthographic":false}