{"cameraMode":{"drawMode":0,"name":"Shaded","section":"Shading Mode"},"sceneLighting":true,"audioPlay":false,"sceneViewState":{"m_AlwaysRefresh":false,"showFog":true,"showSkybox":true,"showFlares":true,"showImageEffects":true,"showParticleSystems":true,"showVisualEffectGraphs":true,"m_FxEnabled":true},"in2DMode":false,"pivot":{"x":-0.7350571155548096,"y":3.4773032665252687,"z":5.029953956604004},"rotation":{"x":-0.04479387402534485,"y":-0.09515027701854706,"z":0.004257542546838522,"w":-0.9944787621498108},"size":3.8243215084075929,"orthographic":false}